1435936148157;11;51;7;3
1435936149196;11;74;7;3
1435936150152;11;81;7;3
1435936151148;11;81;7;3
1435936152152;11;78;7;3
1435936153139;11;70;7;3
1435936154125;11;67;7;3
1435936155165;11;63;7;3
1435936156128;11;57;7;3
1435936157124;11;60;7;3
1435936158127;11;57;7;3
1435936159109;11;63;7;3
1435936160095;11;70;7;3
1435936161112;11;77;7;3
1435936162099;11;83;7;3
1435936163082;11;100;7;3
1435936164083;11;100;7;3
1435936165087;11;93;7;3
1435936166083;11;97;7;3
1435936167078;11;90;7;3
1435936168069;11;87;7;3
1435936169056;11;77;7;3
1435936170061;11;77;7;3
1435936171058;11;77;7;3
1435936172041;11;80;7;3
1435936173027;11;84;7;3
1435936174051;11;78;7;3
1435936175063;11;64;7;3
1435936176049;11;66;7;3
1435936177030;11;61;7;3
1435936178020;11;69;7;3
1435936179052;11;90;7;3
1435936180026;11;78;7;3
1435936181001;11;78;7;3
1435936182002;11;74;7;3
1435936183012;11;50;7;3
1435936183987;11;48;7;3
1435936184994;11;43;7;3
1435936185987;11;30;7;3
1435936186971;11;34;7;3
1435936187985;11;38;7;3
1435936188972;11;43;7;3
1435936189969;11;53;7;3
1435936190959;11;69;7;3
1435936191981;11;75;7;3
1435936192953;11;75;7;3
1435936193939;11;74;7;3
1435936194952;11;69;7;3
1435936195933;11;63;7;3
1435936196984;11;60;7;3
1435936197929;11;57;7;3
1435936198914;11;61;7;3
1435936199928;11;47;7;3
1435936200896;11;30;7;3
1435936201910;11;35;7;3
1435936202918;11;30;7;3
1435936203891;11;48;7;3
1435936204894;11;51;7;3
1435936205903;11;50;7;3
1435936206910;11;54;7;3
1435936207886;11;61;7;3
1435936208887;11;77;7;3
1435936209858;11;64;7;3
1435936210868;11;74;7;3
1435936211863;11;67;7;3
1435936212834;11;56;7;3
1435936213853;11;81;7;3
1435936214860;11;66;7;3
1435936215848;11;56;7;3
1435936216834;11;64;7;3
1435936217841;11;56;7;3
1435936218824;11;60;7;3
1435936219808;11;61;7;3
1435936220821;11;54;7;3
1435936221806;11;41;7;3
1435936222810;11;30;7;3
1435936223812;11;38;7;3
1435936224787;11;41;7;3
1435936225800;11;61;7;3
1435936226789;11;67;7;3
1435936227783;11;67;7;3
1435936228786;11;64;7;3
1435936229795;11;53;7;3
1435936230794;11;51;7;3
1435936231770;11;48;7;3
1435936232782;11;60;7;3
1435936233759;11;53;7;3
1435936234769;11;51;7;3
1435936235750;11;63;7;3
1435936236752;11;60;7;3
1435936237729;11;64;7;3
1435936238731;11;78;7;3
1435936239726;11;81;7;3
1435936240728;11;69;7;3
1435936241773;11;66;7;3
1435936242706;11;57;7;3
1435936243683;11;50;7;3
1435936244706;11;57;7;3
1435936245689;11;51;7;3
1435936246671;11;47;7;3
1435936247671;11;43;7;3
1435936248684;11;40;7;3
1435936249658;11;50;7;3
1435936250696;11;38;7;3
1435936251668;11;40;7;3
1435936252643;11;30;7;3
1435936253653;11;34;7;3
1435936254658;11;48;7;3
1435936255651;11;51;7;3
1435936256638;11;56;7;3
1435936257666;11;67;7;3
1435936258629;11;69;7;3
1435936259633;11;67;7;3
1435936260620;11;61;7;3
1435936261619;11;43;7;3
1435936262604;11;37;7;3
1435936263622;11;50;7;3
1435936264601;11;56;7;3
1435936265597;11;64;7;3
1435936266602;11;56;7;3
1435936267575;11;43;7;3
1435936268587;11;40;7;3
1435936269585;11;37;7;3
1435936270593;11;61;7;3
1435936271565;11;50;7;3
1435936272572;11;77;7;3
1435936273572;11;83;7;3
1435936274557;11;57;7;3
1435936275550;11;60;7;3
1435936276536;11;43;7;3
1435936277537;11;43;7;3
1435936278540;11;50;7;3
1435936279548;11;50;7;3
1435936280532;11;48;7;3
1435936281536;11;37;7;3
1435936282527;11;44;7;3
1435936283517;11;54;7;3
1435936284494;11;48;7;3
1435936285512;11;40;7;3
1435936286495;11;30;7;3
1435936287518;11;35;7;3
1435936288483;11;27;7;3
1435936289491;11;51;7;3
1435936290485;11;44;7;3
1435936291469;11;41;7;3
1435936292466;11;53;7;3
1435936293470;11;47;7;3
1435936294463;11;51;7;3
1435936295466;11;48;7;3
1435936296459;11;37;7;3
1435936297467;11;27;7;3
1435936298434;11;27;7;3
1435936299445;11;27;7;3
1435936300430;11;27;7;3
1435936301418;11;27;7;3
1435936302432;11;27;7;3
1435936303414;11;37;7;3
1435936304435;11;41;7;3
1435936305423;11;40;7;3
1435936306478;11;44;7;3
1435936307407;11;50;7;3
1435936308405;11;41;7;3
1435936309372;11;41;7;3
1435936310419;11;41;7;3
1435936311391;11;38;7;3
1435936312369;11;41;7;3
1435936313373;11;56;7;3
1435936314372;11;48;7;3
1435936315342;11;41;7;3
1435936316365;11;34;7;3
1435936317368;11;34;7;3
1435936318346;11;54;7;3
1435936319351;11;53;7;3
1435936320333;11;53;7;3
1435936321341;11;53;7;3
1435936322327;11;35;7;3
1435936323311;11;37;7;3
1435936324322;11;41;7;3
1435936325302;11;47;7;3
1435936326291;11;51;7;3
1435936327301;11;56;7;3
1435936328304;11;64;7;3
1435936329274;11;63;7;3
1435936330280;11;69;7;3
1435936331283;11;77;7;3
1435936332262;11;74;7;3
1435936333271;11;66;7;3
1435936334280;11;61;7;3
1435936335268;11;53;7;3
1435936336262;11;50;7;3
1435936337277;11;41;7;3
1435936338245;11;37;7;3
1435936339238;11;38;7;3
1435936340235;11;48;7;3
1435936341218;11;61;7;3
1435936342228;11;81;7;3
1435936343228;11;83;7;3
1435936344211;11;81;7;3
1435936345220;11;74;7;3
1435936346193;11;61;7;3
1435936347204;11;66;7;3
1435936348201;11;66;7;3
1435936349177;11;70;7;3
1435936350186;11;70;7;3
1435936351187;11;61;7;3
1435936352164;11;61;7;3
1435936353172;11;64;7;3
1435936354180;11;54;7;3
1435936355180;11;54;7;3
1435936356189;11;54;7;3
1435936357161;11;53;7;3
1435936358161;11;51;7;3
1435936359147;11;54;7;3
1435936360145;11;56;7;3
1435936361173;11;56;7;3
1435936362132;11;75;7;3
1435936363118;11;74;7;3
1435936364117;11;63;7;3
1435936365130;11;60;7;3
1435936366095;11;44;7;3
1435936367105;11;51;7;3
1435936368171;11;51;7;3
1435936369083;11;30;7;3
1435936370092;11;34;7;3
1435936371106;11;35;7;3
1435936372089;11;37;7;3
1435936373091;11;56;7;3
1435936374085;11;51;7;3
1435936375061;11;53;7;3
1435936376073;11;54;7;3
1435936377079;11;61;7;3
1435936378053;11;77;7;3
1435936379038;11;70;7;3
1435936380051;11;81;7;3
1435936381051;11;63;7;3
1435936382038;11;57;7;3
1435936383022;11;53;7;3
1435936384040;11;37;7;3
1435936385023;11;53;7;3
1435936386027;11;60;7;3
1435936387014;11;64;7;3
1435936388000;11;88;7;3
1435936389011;11;87;7;3
1435936390011;11;93;7;3
1435936391003;11;94;7;3
1435936391993;11;87;7;3
1435936392972;11;84;7;3
1435936393979;11;69;7;3
1435936394973;11;64;7;3
1435936395962;11;77;7;3
1435936396959;11;78;7;3
1435936397973;11;75;7;3
1435936398954;11;80;7;3
1435936399950;11;61;7;3
1435936400945;11;66;7;3
1435936401930;11;61;7;3
1435936402947;11;51;7;3
1435936403932;11;41;7;3
1435936404938;11;38;7;3
1435936405918;11;44;7;3
1435936406924;11;56;7;3
1435936407923;11;78;7;3
1435936408905;11;83;7;3
1435936409905;11;90;7;3
1435936410908;11;87;7;3
1435936411892;11;75;7;3
1435936412894;11;60;7;3
1435936413881;11;51;7;3
1435936414877;11;47;7;3
1435936415883;11;48;7;3
1435936416861;11;35;7;3
1435936417849;11;40;7;3
1435936418866;11;48;7;3
1435936419850;11;48;7;3
1435936420855;11;70;7;3
1435936421854;11;63;7;3
1435936422833;11;54;7;3
1435936423859;11;53;7;3
1435936424842;11;54;7;3
1435936425839;11;66;7;3
1435936426823;11;78;7;3
1435936427829;11;66;7;3
1435936428832;11;50;7;3
1435936429799;11;43;7;3
1435936430819;11;24;7;3
1435936431833;11;40;7;3
1435936432813;11;47;7;3
1435936433820;11;47;7;3
1435936434785;11;44;7;3
1435936435783;11;47;7;3
1435936436775;11;44;7;3
1435936437773;11;51;7;3
1435936438769;11;57;7;3
1435936439765;11;48;7;3
1435936440754;11;43;7;3
1435936441765;11;43;7;3
1435936442729;11;37;7;3
1435936443733;11;48;7;3
1435936444757;11;61;7;3
1435936445723;11;54;7;3
1435936446730;11;67;7;3
1435936447726;11;69;7;3
1435936448730;11;57;7;3
1435936449719;11;56;7;3
1435936450721;11;50;7;3
1435936451712;11;61;7;3
1435936452708;11;74;7;3
1435936453696;11;74;7;3
1435936454680;11;66;7;3
1435936455691;11;50;7;3
1435936456691;11;44;7;3
1435936457666;11;57;7;3
1435936458672;11;66;7;3
1435936459672;11;66;7;3
1435936460662;11;70;7;3
1435936461669;11;70;7;3
1435936462658;11;63;7;3
1435936463643;11;63;7;3
1435936464660;11;60;7;3
1435936465624;11;50;7;3
1435936466627;11;56;7;3
1435936467633;11;60;7;3
1435936468607;11;61;7;3
1435936469598;11;64;7;3
1435936470612;11;70;7;3
1435936471610;11;78;7;3
1435936472597;11;83;7;3
1435936473603;11;81;7;3
1435936474589;11;67;7;3
1435936475571;11;56;7;3
1435936476591;11;57;7;3
1435936477573;11;54;7;3
1435936478582;11;57;7;3
1435936479546;11;53;7;3
1435936480560;11;40;7;3
1435936481544;11;38;7;3
1435936482531;11;53;7;3
1435936483546;11;48;7;3
1435936484554;11;47;7;3
1435936485518;11;38;7;3
1435936486528;11;13;7;3
1435936487542;11;23;7;3
1435936488536;11;37;7;3
1435936489530;11;47;7;3
1435936490520;11;44;7;3
1435936491511;11;43;7;3
1435936492508;11;38;7;3
1435936493510;11;47;7;3
1435936494499;11;66;7;3
1435936495495;11;80;7;3
1435936496502;11;81;7;3
1435936497486;11;84;7;3
1435936498483;11;87;7;3
1435936499480;11;78;7;3
1435936500448;11;69;7;3
1435936501469;11;69;7;3
1435936502461;11;74;7;3
1435936503455;11;70;7;3
1435936504461;11;77;7;3
1435936505458;11;80;7;3
1435936506440;11;67;7;3
1435936507433;11;63;7;3
1435936508434;11;54;7;3
1435936509428;11;43;7;3
1435936510424;11;47;7;3
1435936511422;11;60;7;3
1435936512410;11;63;7;3
1435936513405;11;60;7;3
1435936514437;11;44;7;3
1435936515402;11;38;7;3
1435936516412;11;38;7;3
1435936517391;11;44;7;3
1435936518379;11;48;7;3
1435936519379;11;43;7;3
1435936520355;11;38;7;3
1435936521364;11;27;7;3
1435936522361;11;43;7;3
1435936523395;11;41;7;3
1435936524361;11;57;7;3
1435936525347;11;69;7;3
1435936526352;11;69;7;3
1435936527339;11;78;7;3
1435936528330;11;74;7;3
1435936529328;11;63;7;3
1435936530324;11;51;7;3
1435936531318;11;50;7;3
1435936532319;11;54;7;3
1435936533322;11;64;7;3
1435936534321;11;78;7;3
1435936535306;11;90;7;3
1435936536283;11;96;7;3
1435936537285;11;100;7;3
1435936538284;11;93;7;3
1435936539279;11;84;7;3
1435936540279;11;75;7;3
1435936541272;11;60;7;3
1435936542279;11;57;7;3
1435936543279;11;61;7;3
1435936544267;11;57;7;3
1435936545244;11;57;7;3
1435936546245;11;54;7;3
1435936547233;11;37;7;3
1435936548243;11;34;7;3
1435936549238;11;41;7;3
1435936550235;11;41;7;3
1435936551218;11;54;7;3
1435936552211;11;69;7;3
1435936553222;11;81;7;3
1435936554203;11;84;7;3
1435936555215;11;78;7;3
1435936556205;11;75;7;3
1435936557192;11;70;7;3
1435936558189;11;66;7;3
1435936559198;11;61;7;3
1435936560199;11;48;7;3
1435936561180;11;26;7;3
1435936562143;11;23;7;3
1435936563161;11;26;7;3
1435936564159;11;37;7;3
1435936565130;11;51;7;3
1435936566149;11;60;7;3
1435936567150;11;56;7;3
1435936568128;11;56;7;3
1435936569141;11;67;7;3
1435936570119;11;57;7;3
1435936571128;11;74;7;3
1435936572128;11;75;7;3
1435936573121;11;74;7;3
1435936574121;11;80;7;3
1435936575107;11;81;7;3
1435936576110;11;93;7;3
1435936577095;11;78;7;3
1435936578097;11;69;7;3
1435936579096;11;61;7;3
1435936580081;11;54;7;3
1435936581070;11;54;7;3
1435936582075;11;61;7;3
1435936583071;11;57;7;3
1435936584087;11;51;7;3
1435936585059;11;61;7;3
1435936586053;11;61;7;3
1435936587053;11;60;7;3
1435936588053;11;66;7;3
1435936589033;11;67;7;3
1435936590047;11;74;7;3
1435936591027;11;64;7;3
1435936592025;11;51;7;3
1435936593034;11;43;7;3
1435936594004;11;26;7;3
1435936595019;11;20;7;3
1435936596013;11;17;7;3
1435936597000;11;29;7;3
1435936598001;11;38;7;3
1435936598996;11;56;7;3
1435936599987;11;54;7;3
1435936600987;11;43;7;3
1435936601949;11;51;7;3
1435936602985;11;57;7;3
1435936603990;11;75;7;3
1435936604960;11;81;7;3
1435936605959;11;70;7;3
1435936606954;11;54;7;3
1435936607923;11;56;7;3
1435936608950;11;44;7;3
1435936609942;11;53;7;3
1435936610933;11;54;7;3
1435936611928;11;51;7;3
1435936612931;11;64;7;3
1435936613914;11;51;7;3
1435936614913;11;61;7;3
1435936615917;11;56;7;3
1435936616883;11;53;7;3
1435936617894;11;57;7;3
1435936618868;11;47;7;3
1435936619889;11;41;7;3
1435936620885;11;43;7;3
1435936621877;11;51;7;3
1435936622877;11;53;7;3
1435936623877;11;56;7;3
1435936624864;11;53;7;3
1435936625842;11;61;7;3
1435936626865;11;64;7;3
1435936627834;11;74;7;3
1435936628864;11;74;7;3
1435936629843;11;56;7;3
1435936630854;11;60;7;3
1435936631836;11;56;7;3
1435936632832;11;48;7;3
1435936633812;11;44;7;3
1435936634801;11;44;7;3
1435936635811;11;53;7;3
1435936636805;11;63;7;3
1435936637810;11;63;7;3
1435936638792;11;53;7;3
1435936639824;11;54;7;3
1435936640791;11;63;7;3
1435936641788;11;67;7;3
1435936642780;11;78;7;3
1435936643761;11;57;7;3
1435936644775;11;50;7;3
1435936645760;11;53;7;3
1435936646772;11;57;7;3
1435936647760;11;78;7;3
1435936648753;11;75;7;3
1435936649751;11;75;7;3
1435936650748;11;81;7;3
1435936651738;11;69;7;3
1435936652721;11;60;7;3
1435936653703;11;60;7;3
1435936654712;11;43;7;3
1435936655734;11;40;7;3
1435936656713;11;54;7;3
1435936657708;11;41;7;3
1435936658676;11;48;7;3
1435936659710;11;50;7;3
1435936660691;11;40;7;3
1435936661678;11;56;7;3
1435936662683;11;53;7;3
1435936663679;11;47;7;3
1435936664678;11;53;7;3
1435936665680;11;53;7;3
1435936666651;11;54;7;3
1435936667661;11;64;7;3
1435936668661;11;69;7;3
1435936669642;11;77;7;3
1435936670639;11;70;7;3
1435936671644;11;74;7;3
1435936672624;11;77;7;3
1435936673634;11;70;7;3
1435936674630;11;90;7;3
1435936675615;11;74;7;3
1435936676593;11;54;7;3
1435936677615;11;53;7;3
1435936678611;11;20;7;3
1435936679597;11;14;7;3
1435936680599;11;29;7;3
1435936681584;11;27;7;3
1435936682583;11;43;7;3
1435936683592;11;64;7;3
1435936684553;11;70;7;3
1435936685578;11;84;7;3
1435936686555;11;96;7;3
1435936687565;11;94;7;3
1435936688558;11;77;7;3
1435936689560;11;63;7;3
1435936690550;11;41;7;3
1435936691549;11;47;7;3
1435936692566;11;50;7;3
1435936693539;11;61;7;3
1435936694533;11;57;7;3
1435936695530;11;40;7;3
1435936696518;11;44;7;3
1435936697521;11;43;7;3
1435936698505;11;57;7;3
1435936699510;11;67;7;3
1435936700499;11;57;7;3
1435936701499;11;61;7;3
1435936702503;11;66;7;3
1435936703482;11;67;7;3
1435936704481;11;63;7;3
1435936705481;11;41;7;3
1435936706478;11;35;7;3
1435936707463;11;41;7;3
1435936708475;11;61;7;3
1435936709461;11;70;7;3
1435936710448;11;64;7;3
1435936711453;11;61;7;3
1435936712440;11;57;7;3
1435936713428;11;63;7;3
1435936714424;11;63;7;3
1435936715436;11;66;7;3
1435936716432;11;63;7;3
1435936717401;11;57;7;3
1435936718418;11;66;7;3
1435936719399;11;54;7;3
1435936720398;11;57;7;3
1435936721411;11;57;7;3
1435936722373;11;67;7;3
1435936723393;11;74;7;3
1435936724377;11;67;7;3
1435936725381;11;63;7;3
1435936726380;11;40;7;3
1435936727345;11;37;7;3
1435936728361;11;48;7;3
1435936729369;11;69;7;3
1435936730330;11;81;7;3
1435936731354;11;90;7;3
1435936732355;11;94;7;3
1435936733320;11;78;7;3
1435936734333;11;84;7;3
1435936735328;11;80;7;3
1435936736327;11;56;7;3
1435936737320;11;54;7;3
1435936738291;11;41;7;3
1435936739311;11;47;7;3
1435936740373;11;70;7;3
1435936741280;11;83;7;3
1435936742301;11;90;7;3
1435936743308;11;91;7;3
1435936744290;11;87;7;3
1435936745320;11;67;7;3
1435936746281;11;69;7;3
1435936747271;11;64;7;3
1435936748265;11;70;7;3
1435936749270;11;78;7;3
1435936750248;11;66;7;3
1435936751242;11;60;7;3
1435936752255;11;48;7;3
1435936753254;11;47;7;3
1435936754237;11;60;7;3
1435936755235;11;75;7;3
1435936756232;11;74;7;3
1435936757222;11;80;7;3
1435936758264;11;80;7;3
1435936759194;11;60;7;3
1435936760205;11;53;7;3
1435936761199;11;64;7;3
1435936762198;11;64;7;3
1435936763194;11;77;7;3
1435936764183;11;78;7;3
1435936765177;11;54;7;3
1435936766194;11;48;7;3
1435936767175;11;44;7;3
1435936768166;11;40;7;3
1435936769163;11;47;7;3
1435936770161;11;61;7;3
1435936771164;11;67;7;3
1435936772154;11;63;7;3
1435936773142;11;54;7;3
1435936774147;11;34;7;3
1435936775133;11;37;7;3
1435936776129;11;54;7;3
1435936777131;11;67;7;3
1435936778124;11;81;7;3
1435936779101;11;66;7;3
1435936780124;11;47;7;3
1435936781108;11;51;7;3
1435936782108;11;60;7;3
1435936783081;11;64;7;3
1435936784070;11;84;7;3
1435936785084;11;81;7;3
1435936786085;11;84;7;3
1435936787082;11;78;7;3
1435936788059;11;78;7;3
1435936789081;11;78;7;3
1435936790071;11;80;7;3
1435936791058;11;66;7;3
1435936792065;11;44;7;3
1435936793027;11;51;7;3
1435936794052;11;50;7;3
1435936795042;11;50;7;3
1435936796032;11;51;7;3
1435936797033;11;69;7;3
1435936798028;11;57;7;3
1435936799023;11;54;7;3
1435936800023;11;67;7;3
1435936801014;11;50;7;3
1435936802010;11;54;7;3
1435936802988;11;53;7;3
1435936803993;11;47;7;3
1435936804995;11;48;7;3
1435936805975;11;37;7;3
1435936806991;11;41;7;3
1435936807987;11;37;7;3
1435936808982;11;30;7;3
1435936809968;11;40;7;3
1435936810965;11;40;7;3
1435936811961;11;35;7;3
1435936812954;11;38;7;3
1435936813950;11;40;7;3
1435936814966;11;35;7;3
1435936815949;11;40;7;3
1435936816938;11;29;7;3
1435936817902;11;29;7;3
1435936818920;11;26;7;3
1435936819933;11;29;7;3
1435936820913;11;35;7;3
1435936821891;11;34;7;3
1435936822914;11;40;7;3
1435936823887;11;48;7;3
1435936824895;11;54;7;3
1435936825902;11;61;7;3
1435936826875;11;74;7;3
1435936827892;11;74;7;3
1435936828883;11;74;7;3
1435936829869;11;74;7;3
1435936830865;11;70;7;3
1435936831866;11;66;7;3
1435936832861;11;54;7;3
1435936833868;11;50;7;3
1435936834857;11;40;7;3
1435936835834;11;29;7;3
1435936836837;11;40;7;3
1435936837836;11;44;7;3
1435936838826;11;38;7;3
1435936839822;11;44;7;3
1435936840819;11;35;7;3
1435936841810;11;23;7;3
1435936842822;11;34;7;3
1435936843812;11;29;7;3
1435936844796;11;34;7;3
1435936845781;11;34;7;3
1435936846800;11;24;7;3
1435936847790;11;26;7;3
1435936848792;11;23;7;3
1435936849771;11;37;7;3
1435936850777;11;48;7;3
1435936851783;11;50;7;3
1435936852765;11;57;7;3
1435936853755;11;53;7;3
1435936854764;11;53;7;3
1435936855747;11;48;7;3
1435936856740;11;48;7;3
1435936857730;11;48;7;3
1435936858733;11;40;7;3
1435936859714;11;35;7;3
1435936860723;11;34;7;3
1435936861708;11;38;7;3
1435936862710;11;27;7;3
1435936863709;11;30;7;3
1435936864693;11;21;7;3
1435936865683;11;23;7;3
1435936866679;11;37;7;3
1435936867698;11;34;7;3
1435936868693;11;41;7;3
1435936869691;11;30;7;3
1435936870668;11;30;7;3
1435936871670;11;24;7;3
1435936872666;11;21;7;3
1435936873668;11;26;7;3
1435936874655;11;35;7;3
1435936875654;11;44;7;3
1435936876643;11;48;7;3
1435936877639;11;44;7;3
1435936878651;11;44;7;3
1435936879634;11;41;7;3
1435936880618;11;38;7;3
1435936881627;11;37;7;3
1435936882617;11;29;7;3
1435936883627;11;41;7;3
1435936884598;11;54;7;3
1435936885599;11;60;7;3
1435936886594;11;60;7;3
1435936887597;11;57;7;3
1435936888589;11;44;7;3
1435936889583;11;54;7;3
1435936890576;11;54;7;3
1435936891573;11;43;7;3
1435936892568;11;51;7;3
1435936893566;11;35;7;3
1435936894557;11;44;7;3
1435936895557;11;44;7;3
1435936896574;11;43;7;3
1435936897537;11;50;7;3
1435936898540;11;47;7;3
1435936899533;11;44;7;3
1435936900516;11;41;7;3
1435936901530;11;41;7;3
1435936902514;11;37;7;3
1435936903512;11;40;7;3
1435936904505;11;43;7;3
1435936905493;11;37;7;3
1435936906503;11;40;7;3
1435936907486;11;41;7;3
1435936908477;11;41;7;3
1435936909479;11;44;7;3
1435936910486;11;35;7;3
1435936911488;11;29;7;3
1435936912468;11;24;7;3
1435936913471;11;24;7;3
1435936914460;11;29;7;3
1435936915458;11;51;7;3
1435936916452;11;63;7;3
1435936917424;11;70;7;3
1435936918426;11;77;7;3
1435936919436;11;64;7;3
1435936920431;11;60;7;3
1435936921428;11;61;7;3
1435936922406;11;67;7;3
1435936923415;11;74;7;3
1435936924413;11;74;7;3
1435936925411;11;69;7;3
1435936926379;11;60;7;3
1435936927390;11;54;7;3
1435936928400;11;47;7;3
1435936929389;11;56;7;3
1435936930386;11;50;7;3
1435936931381;11;47;7;3
1435936932382;11;44;7;3
1435936933369;11;30;7;3
1435936934376;11;40;7;3
1435936935365;11;47;7;3
1435936936364;11;57;7;3
1435936937322;11;77;7;3
1435936938340;11;56;7;3
1435936939342;11;43;7;3
1435936940326;11;34;7;3
1435936941340;11;21;7;3
1435936942330;11;38;7;3
1435936943318;11;35;7;3
1435936944318;11;48;7;3
1435936945320;11;38;7;3
1435936946282;11;41;7;3
1435936947306;11;53;7;3
1435936948306;11;47;7;3
1435936949285;11;50;7;3
1435936950294;11;44;7;3
1435936951291;11;38;7;3
1435936952295;11;29;7;3
1435936953277;11;40;7;3
1435936954276;11;43;7;3
1435936955265;11;60;7;3
1435936956259;11;56;7;3
1435936957250;11;50;7;3
1435936958235;11;51;7;3
1435936959257;11;38;7;3
1435936960240;11;44;7;3
1435936961232;11;43;7;3
1435936962231;11;38;7;3
1435936963222;11;43;7;3
1435936964214;11;50;7;3
1435936965215;11;66;7;3
1435936966205;11;69;7;3
1435936967184;11;69;7;3
1435936968203;11;64;7;3
1435936969191;11;47;7;3
1435936970173;11;50;7;3
1435936971189;11;54;7;3
1435936972159;11;57;7;3
1435936973171;11;57;7;3
1435936974160;11;66;7;3
1435936975204;11;74;7;3
1435936976162;11;83;7;3
1435936977169;11;87;7;3
1435936978152;11;63;7;3
1435936979130;11;50;7;3
1435936980139;11;34;7;3
1435936981137;11;29;7;3
1435936982131;11;40;7;3
1435936983131;11;40;7;3
1435936984103;11;51;7;3
1435936985129;11;44;7;3
1435936986109;11;50;7;3
1435936987111;11;50;7;3
1435936988108;11;38;7;3
1435936989095;11;43;7;3
1435936990092;11;30;7;3
1435936991075;11;43;7;3
1435936992090;11;41;7;3
1435936993124;11;44;7;3
1435936994075;11;60;7;3
1435936995063;11;53;7;3
1435936996062;11;56;7;3
1435936997056;11;57;7;3
1435936998048;11;47;7;3
1435936999064;11;38;7;3
1435937000048;11;44;7;3
1435937001025;11;40;7;3
1435937002041;11;40;7;3
1435937003033;11;53;7;3
1435937004032;11;63;7;3
1435937005023;11;61;7;3
1435937006015;11;57;7;3
1435937007017;11;54;7;3
1435937008006;11;51;7;3
1435937009012;11;60;7;3
1435937009992;11;77;7;3
1435937010984;11;80;7;3
1435937011995;11;70;7;3
1435937012992;11;67;7;3
1435937013974;11;57;7;3
1435937014967;11;40;7;3
1435937015972;11;34;7;3
1435937016942;11;29;7;3
1435937017964;11;40;7;3
1435937018976;11;44;7;3
1435937019947;11;51;7;3
1435937020944;11;54;7;3
1435937021957;11;44;7;3
1435937022938;11;51;7;3
1435937023910;11;56;7;3
1435937024909;11;48;7;3
1435937025926;11;53;7;3
1435937026924;11;48;7;3
1435937027915;11;38;7;3
1435937028898;11;48;7;3
1435937029902;11;38;7;3
1435937030917;11;34;7;3
1435937031899;11;44;7;3
1435937032889;11;40;7;3
1435937033896;11;48;7;3
1435937034884;11;56;7;3
1435937035879;11;57;7;3
1435937036838;11;66;7;3
1435937037876;11;63;7;3
1435937038871;11;60;7;3
1435937039850;11;53;7;3
1435937040825;11;48;7;3
1435937041844;11;56;7;3
1435937042836;11;61;7;3
1435937043824;11;64;7;3
1435937044836;11;69;7;3
1435937045810;11;64;7;3
1435937046820;11;61;7;3
1435937047824;11;51;7;3
1435937048810;11;40;7;3
1435937049797;11;40;7;3
1435937050807;11;34;7;3
1435937051798;11;30;7;3
1435937052780;11;50;7;3
1435937053793;11;61;7;3
1435937054756;11;61;7;3
1435937055777;11;63;7;3
1435937056742;11;50;7;3
1435937057760;11;40;7;3
1435937058758;11;43;7;3
1435937059727;11;38;7;3
1435937060746;11;50;7;3
1435937061747;11;53;7;3
1435937062738;11;38;7;3
1435937063733;11;40;7;3
1435937064733;11;38;7;3
1435937065724;11;38;7;3
1435937066705;11;40;7;3
1435937067711;11;43;7;3
1435937068710;11;40;7;3
1435937069704;11;47;7;3
1435937070706;11;57;7;3
1435937071676;11;60;7;3
1435937072695;11;69;7;3
1435937073691;11;66;7;3
1435937074682;11;57;7;3
1435937075679;11;60;7;3
1435937076677;11;47;7;3
1435937077644;11;34;7;3
1435937078661;11;35;7;3
1435937079652;11;37;7;3
1435937080650;11;38;7;3
1435937081641;11;50;7;3
1435937082640;11;48;7;3
1435937083649;11;51;7;3
1435937084630;11;69;7;3
1435937085631;11;74;7;3
1435937086623;11;87;7;3
1435937087619;11;66;7;3
1435937088595;11;43;7;3
1435937089611;11;41;7;3
1435937090601;11;40;7;3
1435937091601;11;61;7;3
1435937092601;11;60;7;3
1435937093598;11;64;7;3
1435937094592;11;50;7;3
1435937095581;11;40;7;3
1435937096572;11;40;7;3
1435937097578;11;38;7;3
1435937098572;11;41;7;3
1435937099562;11;53;7;3
1435937100556;11;53;7;3
1435937101555;11;57;7;3
1435937102544;11;53;7;3
1435937103544;11;30;7;3
1435937104538;11;38;7;3
1435937105529;11;27;7;3
1435937106532;11;37;7;3
1435937107529;11;57;7;3
1435937108525;11;61;7;3
1435937109504;11;70;7;3
1435937110525;11;60;7;3
1435937111493;11;44;7;3
1435937112503;11;30;7;3
1435937113483;11;37;7;3
1435937114487;11;50;7;3
1435937115494;11;48;7;3
1435937116469;11;50;7;3
1435937117474;11;30;7;3
1435937118472;11;26;7;3
1435937119462;11;24;7;3
1435937120467;11;35;7;3
1435937121457;11;43;7;3
1435937122454;11;44;7;3
1435937123448;11;51;7;3
1435937124452;11;51;7;3
1435937125435;11;48;7;3
1435937126429;11;61;7;3
1435937127427;11;74;7;3
1435937128408;11;67;7;3
1435937129401;11;70;7;3
1435937130421;11;63;7;3
1435937131401;11;57;7;3
1435937132408;11;47;7;3
1435937133399;11;44;7;3
1435937134395;11;35;7;3
1435937135392;11;21;7;3
1435937136385;11;40;7;3
1435937137377;11;38;7;3
1435937138376;11;37;7;3
1435937139378;11;53;7;3
1435937140374;11;47;7;3
1435937141360;11;44;7;3
1435937142361;11;56;7;3
1435937143361;11;44;7;3
1435937144346;11;40;7;3
1435937145339;11;41;7;3
1435937146321;11;34;7;3
1435937147330;11;43;7;3
1435937148318;11;41;7;3
1435937149318;11;48;7;3
1435937150325;11;57;7;3
1435937151344;11;61;7;3
1435937152309;11;81;7;3
1435937153308;11;80;7;3
1435937154273;11;88;7;3
1435937155289;11;78;7;3
1435937156289;11;64;7;3
1435937157280;11;54;7;3
1435937158279;11;47;7;3
1435937159265;11;44;7;3
1435937160264;11;43;7;3
1435937161269;11;40;7;3
1435937162252;11;44;7;3
1435937163243;11;44;7;3
1435937164257;11;63;7;3
1435937165240;11;64;7;3
1435937166219;11;75;7;3
1435937167241;11;84;7;3
1435937168232;11;63;7;3
1435937169234;11;61;7;3
1435937170230;11;37;7;3
1435937171216;11;26;7;3
1435937172193;11;29;7;3
1435937173211;11;29;7;3
1435937174196;11;29;7;3
1435937175194;11;30;7;3
1435937176162;11;26;7;3
1435937177182;11;29;7;3
1435937178161;11;27;7;3
1435937179175;11;41;7;3
1435937180168;11;60;7;3
1435937181163;11;64;7;3
1435937182158;11;77;7;3
1435937183162;11;69;7;3
1435937184152;11;51;7;3
1435937185134;11;50;7;3
1435937186141;11;41;7;3
1435937187147;11;29;7;3
1435937188109;11;30;7;3
1435937189109;11;29;7;3
1435937190117;11;27;7;3
1435937191105;11;26;7;3
1435937192121;11;27;7;3
1435937193108;11;38;7;3
1435937194093;11;37;7;3
1435937195103;11;44;7;3
1435937196104;11;50;7;3
1435937197091;11;44;7;3
1435937198067;11;35;7;3
1435937199075;11;27;7;3
1435937200069;11;44;7;3
1435937201062;11;41;7;3
1435937202070;11;74;7;3
1435937203072;11;83;7;3
1435937204057;11;74;7;3
1435937205061;11;66;7;3
1435937206042;11;53;7;3
1435937207026;11;43;7;3
1435937208038;11;47;7;3
1435937209031;11;53;7;3
1435937210023;11;53;7;3
1435937211019;11;51;7;3
1435937211998;11;38;7;3
1435937213022;11;26;7;3
1435937214000;11;17;7;3
1435937215001;11;29;7;3
1435937215982;11;29;7;3
1435937216994;11;40;7;3
1435937217971;11;41;7;3
1435937218973;11;29;7;3
1435937219975;11;35;7;3
1435937220977;11;37;7;3
1435937221961;11;27;7;3
1435937222975;11;38;7;3
1435937223946;11;35;7;3
1435937224943;11;48;7;3
1435937225927;11;69;7;3
1435937226950;11;60;7;3
1435937227938;11;61;7;3
1435937228938;11;40;7;3
1435937229938;11;30;7;3
1435937230907;11;44;7;3
1435937231940;11;43;7;3
1435937232914;11;56;7;3
1435937233914;11;64;7;3
1435937234902;11;67;7;3
1435937235895;11;66;7;3
1435937236888;11;54;7;3
1435937237899;11;43;7;3
1435937238874;11;30;7;3
1435937239878;11;35;7;3
1435937240884;11;40;7;3
1435937241883;11;48;7;3
1435937242865;11;48;7;3
1435937243857;11;51;7;3
1435937244859;11;50;7;3
1435937245856;11;38;7;3
1435937246860;11;26;7;3
1435937247836;11;16;7;3
1435937248842;11;17;7;3
1435937249851;11;20;7;3
1435937250827;11;34;7;3
1435937251820;11;51;7;3
1435937252824;11;51;7;3
1435937253791;11;50;7;3
1435937254805;11;41;7;3
1435937255793;11;30;7;3
1435937256798;11;21;7;3
1435937257799;11;29;7;3
1435937258806;11;37;7;3
1435937259788;11;43;7;3
1435937260779;11;48;7;3
1435937261771;11;38;7;3
1435937262780;11;41;7;3
1435937263767;11;27;7;3
1435937264735;11;41;7;3
1435937265751;11;44;7;3
1435937266751;11;41;7;3
1435937267757;11;53;7;3
1435937268739;11;57;7;3
1435937269744;11;69;7;3
1435937270735;11;67;7;3
1435937271730;11;57;7;3
1435937272721;11;56;7;3
1435937273713;11;50;7;3
1435937274719;11;51;7;3
1435937275678;11;53;7;3
1435937276744;11;48;7;3
1435937277729;11;57;7;3
1435937278664;11;60;7;3
1435937279691;11;64;7;3
1435937280689;11;51;7;3
1435937281673;11;30;7;3
1435937282674;11;26;7;3
1435937283679;11;21;7;3
1435937284659;11;29;7;3
1435937285655;11;27;7;3
1435937286662;11;30;7;3
1435937287645;11;38;7;3
1435937288643;11;29;7;3
1435937289644;11;40;7;3
1435937290631;11;43;7;3
1435937291634;11;41;7;3
1435937292639;11;41;7;3
1435937293622;11;41;7;3
1435937294604;11;37;7;3
1435937295603;11;29;7;3
1435937296581;11;23;7;3
1435937297599;11;20;7;3
1435937298587;11;35;7;3
1435937299587;11;48;7;3
1435937300583;11;47;7;3
1435937301582;11;47;7;3
1435937302567;11;47;7;3
1435937303572;11;47;7;3
1435937304554;11;47;7;3
1435937305563;11;47;7;3
1435937306556;11;47;7;3
1435937307552;11;56;7;3
1435937308549;11;54;7;3
1435937309542;11;44;7;3
1435937310548;11;53;7;3
1435937311538;11;44;7;3
1435937312532;11;47;7;3
1435937313530;11;61;7;3
1435937314515;11;66;7;3
1435937315513;11;78;7;3
1435937316505;11;75;7;3
1435937317508;11;69;7;3
1435937318494;11;67;7;3
1435937319507;11;64;7;3
1435937320484;11;69;7;3
1435937321481;11;64;7;3
1435937322474;11;57;7;3
1435937323465;11;44;7;3
1435937324475;11;37;7;3
1435937325475;11;35;7;3
1435937326459;11;30;7;3
1435937327455;11;26;7;3
1435937328453;11;30;7;3
1435937329447;11;29;7;3
1435937330419;11;27;7;3
1435937331444;11;23;7;3
1435937332418;11;34;7;3
1435937333420;11;44;7;3
1435937334425;11;60;7;3
1435937335415;11;77;7;3
1435937336412;11;61;7;3
1435937337404;11;64;7;3
1435937338412;11;47;7;3
1435937339412;11;37;7;3
1435937340396;11;40;7;3
1435937341391;11;37;7;3
1435937342384;11;47;7;3
1435937343381;11;66;7;3
1435937344365;11;70;7;3
1435937345369;11;69;7;3
1435937346362;11;60;7;3
1435937347351;11;51;7;3
1435937348347;11;57;7;3
1435937349361;11;51;7;3
1435937350345;11;60;7;3
1435937351341;11;56;7;3
1435937352342;11;61;7;3
1435937353336;11;69;7;3
1435937354332;11;60;7;3
1435937355327;11;66;7;3
1435937356316;11;50;7;3
1435937357321;11;48;7;3
1435937358310;11;50;7;3
1435937359306;11;38;7;3
1435937360301;11;50;7;3
1435937361275;11;44;7;3
1435937362285;11;54;7;3
1435937363281;11;64;7;3
1435937364291;11;63;7;3
1435937365275;11;57;7;3
1435937366282;11;40;7;3
1435937367260;11;30;7;3
1435937368253;11;26;7;3
1435937369256;11;27;7;3
1435937370245;11;26;7;3
1435937371243;11;21;7;3
1435937372245;11;14;7;3
1435937373236;11;26;7;3
1435937374229;11;40;7;3
1435937375224;11;51;7;3
1435937376219;11;60;7;3
1435937377219;11;43;7;3
1435937378215;11;47;7;3
1435937379210;11;56;7;3
1435937380185;11;50;7;3
1435937381183;11;60;7;3
1435937382191;11;53;7;3
1435937383196;11;38;7;3
1435937384185;11;43;7;3
1435937385163;11;35;7;3
1435937386160;11;23;7;3
1435937387142;11;34;7;3
1435937388169;11;40;7;3
1435937389170;11;51;7;3
1435937390139;11;61;7;3
1435937391151;11;51;7;3
1435937392146;11;37;7;3
1435937393130;11;35;7;3
1435937394133;11;17;7;3
1435937395137;11;26;7;3
1435937396123;11;35;7;3
1435937397113;11;35;7;3
1435937398109;11;51;7;3
1435937399085;11;60;7;3
1435937400112;11;53;7;3
1435937401070;11;54;7;3
1435937402090;11;51;7;3
1435937403092;11;30;7;3
1435937404056;11;29;7;3
1435937405069;11;37;7;3
1435937406064;11;35;7;3
1435937407071;11;37;7;3
1435937408051;11;43;7;3
1435937409060;11;34;7;3
1435937410049;11;47;7;3
1435937411043;11;41;7;3
1435937412053;11;48;7;3
1435937413034;11;54;7;3
1435937414039;11;51;7;3
1435937415026;11;66;7;3
1435937416003;11;61;7;3
1435937417005;11;63;7;3
1435937418047;11;54;7;3
1435937419007;11;50;7;3
1435937420011;11;51;7;3
1435937420973;11;56;7;3
1435937421995;11;56;7;3
1435937422988;11;53;7;3
1435937423982;11;66;7;3
1435937424977;11;56;7;3
1435937425981;11;54;7;3
1435937426970;11;48;7;3
1435937427965;11;34;7;3
1435937428968;11;30;7;3
1435937429947;11;23;7;3
1435937430945;11;24;7;3
1435937431945;11;29;7;3
1435937432942;11;29;7;3
1435937433919;11;35;7;3
1435937434926;11;51;7;3
1435937435940;11;48;7;3
1435937436923;11;51;7;3
1435937437912;11;61;7;3
1435937438907;11;51;7;3
1435937439908;11;40;7;3
1435937440897;11;43;7;3
1435937441899;11;41;7;3
1435937442895;11;38;7;3
1435937443891;11;44;7;3
1435937444877;11;50;7;3
1435937445878;11;54;7;3
1435937446862;11;66;7;3
1435937447868;11;56;7;3
1435937448867;11;50;7;3
1435937449860;11;61;7;3
1435937450858;11;60;7;3
1435937451843;11;75;7;3
1435937452838;11;75;7;3
1435937453840;11;57;7;3
1435937454838;11;44;7;3
1435937455809;11;37;7;3
1435937456818;11;48;7;3
1435937457814;11;47;7;3
1435937458801;11;54;7;3
1435937459823;11;54;7;3
1435937460810;11;35;7;3
1435937461799;11;30;7;3
1435937462787;11;26;7;3
1435937463765;11;40;7;3
1435937464793;11;43;7;3
1435937465784;11;43;7;3
1435937466770;11;53;7;3
1435937467765;11;48;7;3
1435937468757;11;44;7;3
1435937469762;11;60;7;3
1435937470763;11;56;7;3
1435937471766;11;67;7;3
1435937472751;11;66;7;3
1435937473750;11;51;7;3
1435937474741;11;44;7;3
1435937475736;11;29;7;3
1435937476729;11;40;7;3
1435937477716;11;47;7;3
1435937478725;11;51;7;3
1435937479711;11;64;7;3
1435937480698;11;63;7;3
1435937481685;11;61;7;3
1435937482680;11;70;7;3
1435937483706;11;64;7;3
1435937484702;11;66;7;3
1435937485685;11;66;7;3
1435937486683;11;54;7;3
1435937487673;11;56;7;3
1435937488679;11;40;7;3
1435937489681;11;37;7;3
1435937490674;11;40;7;3
1435937491660;11;38;7;3
1435937492656;11;38;7;3
1435937493650;11;44;7;3
1435937494639;11;40;7;3
1435937495643;11;44;7;3
1435937496637;11;56;7;3
1435937497599;11;50;7;3
1435937498625;11;66;7;3
1435937499627;11;41;7;3
1435937500607;11;37;7;3
1435937501615;11;44;7;3
1435937502606;11;23;7;3
1435937503602;11;51;7;3
1435937504604;11;43;7;3
1435937505590;11;40;7;3
1435937506567;11;50;7;3
1435937507600;11;50;7;3
1435937508560;11;67;7;3
1435937509545;11;61;7;3
1435937510566;11;69;7;3
1435937511565;11;53;7;3
1435937512550;11;44;7;3
1435937513538;11;48;7;3
1435937514542;11;27;7;3
1435937515533;11;30;7;3
1435937516552;11;26;7;3
1435937517518;11;21;7;3
1435937518505;11;38;7;3
1435937519525;11;35;7;3
1435937520491;11;41;7;3
1435937521516;11;50;7;3
1435937522544;11;38;7;3
1435937523503;11;43;7;3
1435937524493;11;29;7;3
1435937525534;11;30;7;3
1435937526491;11;40;7;3
1435937527490;11;38;7;3
1435937528479;11;50;7;3
1435937529463;11;37;7;3
1435937530469;11;38;7;3
1435937531471;11;53;7;3
1435937532457;11;53;7;3
1435937533453;11;60;7;3
1435937534452;11;48;7;3
1435937535445;11;43;7;3
1435937536441;11;35;7;3
1435937537423;11;40;7;3
1435937538416;11;56;7;3
1435937539436;11;51;7;3
1435937540428;11;57;7;3
1435937541445;11;67;7;3
1435937542408;11;66;7;3
1435937543379;11;48;7;3
1435937544399;11;47;7;3
1435937545396;11;29;7;3
1435937546393;11;27;7;3
1435937547385;11;47;7;3
1435937548388;11;54;7;3
1435937549369;11;67;7;3
1435937550365;11;66;7;3
1435937551362;11;75;7;3
1435937552362;11;69;7;3
1435937553357;11;63;7;3
1435937554351;11;66;7;3
1435937555338;11;44;7;3
1435937556339;11;41;7;3
1435937557310;11;34;7;3
1435937558329;11;27;7;3
1435937559325;11;44;7;3
1435937560311;11;51;7;3
1435937561315;11;51;7;3
1435937562315;11;43;7;3
1435937563305;11;29;7;3
1435937564296;11;23;7;3
1435937565298;11;44;7;3
1435937566281;11;64;7;3
1435937567291;11;90;7;3
1435937568295;11;84;7;3
1435937569274;11;67;7;3
1435937570269;11;56;7;3
1435937571275;11;54;7;3
1435937572279;11;53;7;3
1435937573241;11;50;7;3
1435937574241;11;53;7;3
1435937575229;11;30;7;3
1435937576254;11;48;7;3
1435937577243;11;56;7;3
1435937578231;11;44;7;3
1435937579232;11;57;7;3
1435937580229;11;57;7;3
1435937581225;11;54;7;3
1435937582202;11;63;7;3
1435937583214;11;56;7;3
1435937584215;11;63;7;3
1435937585222;11;70;7;3
1435937586200;11;64;7;3
1435937587171;11;63;7;3
1435937588173;11;47;7;3
1435937589175;11;47;7;3
1435937590159;11;40;7;3
1435937591173;11;38;7;3
1435937592175;11;30;7;3
1435937593155;11;24;7;3
1435937594166;11;38;7;3
1435937595157;11;40;7;3
1435937596151;11;38;7;3
1435937597131;11;34;7;3
1435937598136;11;23;7;3
1435937599131;11;23;7;3
1435937600130;11;29;7;3
1435937601123;11;29;7;3
1435937602116;11;30;7;3
1435937603102;11;51;7;3
1435937604111;11;44;7;3
1435937605108;11;61;7;3
1435937606093;11;60;7;3
1435937607098;11;54;7;3
1435937608078;11;57;7;3
1435937609088;11;48;7;3
1435937610081;11;60;7;3
1435937611078;11;47;7;3
1435937612070;11;54;7;3
1435937613071;11;47;7;3
1435937614055;11;38;7;3
1435937615055;11;43;7;3
1435937616049;11;43;7;3
1435937617019;11;48;7;3
1435937618047;11;63;7;3
1435937619048;11;61;7;3
1435937620034;11;63;7;3
1435937621022;11;69;7;3
1435937622018;11;64;7;3
1435937623013;11;66;7;3
1435937624020;11;69;7;3
1435937625006;11;67;7;3
1435937626014;11;63;7;3
1435937627003;11;70;7;3
1435937627976;11;57;7;3
1435937628987;11;56;7;3
1435937629981;11;56;7;3
1435937630990;11;57;7;3
1435937631972;11;51;7;3
1435937632973;11;53;7;3
1435937633951;11;51;7;3
1435937634959;11;30;7;3
1435937635942;11;34;7;3
1435937636942;11;38;7;3
1435937637940;11;38;7;3
1435937638953;11;47;7;3
1435937639932;11;51;7;3
1435937640928;11;56;7;3
1435937641937;11;63;7;3
1435937642911;11;63;7;3
1435937643914;11;66;7;3
1435937644916;11;50;7;3
1435937645909;11;44;7;3